<?xml version="1.0" encoding="UTF-8"?>
<metadata xml:lang="en"><Esri><CreaDate>20241015</CreaDate><CreaTime>16194500</CreaTime><ArcGISFormat>1.0</ArcGISFormat><SyncOnce>TRUE</SyncOnce><DataProperties><lineage><Process ToolSource="c:\program files\arcgis\pro\Resources\ArcToolbox\toolboxes\Data Management Tools.tbx\CopyFeatures" Date="20241015" Time="161945">CopyFeatures "Census Tract boundaries Calgary" "E:\587 Project\587 Indicator\Census Tract boundaries Calgary.shp" # # # #</Process></lineage></DataProperties></Esri></metadata>
